573	선수, H랭크에서 4연승을 거두었습니다! 이제 드디어 다섯 번째 상대입니다!
574	선수, G랭크에서 4연승을 거두었습니다! 이제 드디어 다섯 번째 상대입니다!
575	선수, F랭크에서 4연승을 거두었습니다! 이제 드디어 다섯 번째 상대입니다!
576	선수, E랭크에서 4연승을 거두었습니다! 이제 드디어 다섯 번째 상대입니다!
577	선수, D랭크에서 4연승을 거두었습니다! 이제 드디어 다섯 번째 상대입니다!
578	선수, C랭크에서 4연승을 거두었습니다! 이제 드디어 다섯 번째 상대입니다!
579	선수, B랭크에서 4연승을 거두었습니다! 이제 드디어 다섯 번째 상대입니다!
580	선수, A랭크에서 4연승을 거두었습니다! 이제 드디어 다섯 번째 상대입니다!
599	해설자「또 한 명의 승자가 탄생했습니다! H랭크에서 승리한 선수는,
600	해설자「또 한 명의 승자가 탄생했습니다! G랭크에서 승리한 선수는,
601	해설자「또 한 명의 승자가 탄생했습니다! F랭크에서 승리한 선수는,
602	해설자「또 한 명의 승자가 탄생했습니다! E랭크에서 승리한 선수는,
603	해설자「또 한 명의 승자가 탄생했습니다! D랭크에서 승리한 선수는,
604	해설자「또 한 명의 승자가 탄생했습니다! C랭크에서 승리한 선수는,
605	해설자「또 한 명의 승자가 탄생했습니다! B랭크에서 승리한 선수는,
606	해설자「또 한 명의 승자가 탄생했습니다! A랭크에서 승리한 선수는,
616	해설자「승자에게 꽃다발을 증정할 로열 프린세스는 제니퍼 씨입니다!
617	해설자「승자에게 꽃다발을 증정할 로열 프린세스는 메릴린 씨입니다!
618	해설자「승자에게 꽃다발을 증정할 로열 프린세스는 릴 씨입니다!
619	해설자「승자에게 꽃다발을 증정할 로열 프린세스는 샤이아 씨입니다!
620	해설자「승자에게 꽃다발을 증정할 로열 프린세스는 플루아 씨입니다!
621	해설자「승자에게 꽃다발을 증정할 로열 프린세스는 카샤 씨입니다!
622	해설자「승자에게 꽃다발을 증정할 로열 프린세스는 레시 씨입니다!
623	해설자「승자에게 꽃다발을 증정할 로열 프린세스는 메이리 씨입니다!
624	해설자「승자에게 꽃다발을 증정할 로열 프린세스는 첼시 씨입니다!
625	해설자「승자에게 꽃다발을 증정할 로열 프린세스는 뮤키 씨입니다!
626	해설자「승자에게 꽃다발을 증정할 로열 프린세스는 마나 씨입니다!
627	해설자「승자에게 꽃다발을 증정할 로열 프린스는 마크 씨입니다!
628	해설자「승자에게 꽃다발을 증정할 로열 프린스는 멜 씨입니다!
629	해설자「승자에게 꽃다발을 증정할 로열 프린스는 류 씨입니다!
630	해설자「승자에게 꽃다발을 증정할 로열 프린스는 케니 씨입니다!
631	해설자「승자에게 꽃다발을 증정할 로열 프린스는 크레스 씨입니다!
632	해설자「승자에게 꽃다발을 증정할 로열 프린스는 유마 씨입니다!
633	해설자「승자에게 꽃다발을 증정할 로열 프린스는 류야 씨입니다!
634	해설자「승자에게 꽃다발을 증정할 로열 프린스는 존 씨입니다!
635	해설자「승자에게 꽃다발을 증정할 로열 프린스는 스트레이야 씨입니다!
636	해설자「승자에게 꽃다발을 증정할 로열 프린스는 루시오 씨입니다!
