680	어머니「…어머, 아직 자는 줄 알았는데… 잠이 안 오니?
681	「아니, 그런 건 아니에요.
682	어머니「…그래? 너 요즘 좀 이상하구나.
683	랑
684	까지 걱정시키고…
685	「너무 걱정하지 마세요, 어머니. …그럼 다녀올게요.
686	이틀 뒤
687	???「어제도 아버지가 안 돌아오셨어. 난 갈 거야.
688	???「관두라니까. 필요하면 부른다고 하셨잖아.
689	???「하지만… 더는 못 기다리겠어!
690	쉬겠습니까?
691	･예 ･아니요
692	「어머니, 프레제 아줌마네 채소 들어왔대요.
693	의 어머니「어머, 그래? 그럼 어서 가 봐야겠구나.
694	의 어머니「자, 나가 볼까.
695	의 어머니「조심하렴,
696	「괜찮아요. …아버지 몫까지 열심히 할게요.
697	의 어머니「이 밤중에 어쩐 일이니?
698	.
699	그날 밤…
700	의 어머니「차가 다 됐단다.
701	「감사합니다.
702	어머니「편히 쉬다 가렴.
703	「오늘 도적들은 정말 별거 아니었지.
704	「무슨 소리야? 꽤 위험했으면서.
705	, 왜 그래? 기운이 없어 보여.
706	어머니「요즘 늘 저렇단다.
707	「그럼, 안녕.
708	「그래.
709	「내일은 밝은 얼굴로 보자,
710	「잘 쉬다 갑니다.
711	어머니「또 놀러 오렴.
712	「한가하다는 건 평화롭다는 뜻이라…
713	가 큰일 났어…! 같이 가 줘!
714	「알았어. 서두르자!
715	무기점 『카지』
716	무기점 주인「너희는 마을의 치안을 지키는 사람들이니 언제나 무기를 갖추고 다녀야 한다.
717	「그 정도는 알아요.
718	젊은이「자네는
719	에서 왔나?
720	(돌이 되어 있어… 마치 살아 있는 것 같아.
721	할머니「이 마을 남자들은 대부분 돈을 벌러 나가 있단다.
722	할아버지「여기는
723	란다. 마을 북쪽으로 나가면
724	이지만 위험하니 가까이 가지 마라.
725	할아버지「앗! 날 만지면 안 된다. 이미 감염됐어…
726	이 마을도 이제 끝인 게냐… 난 죽을 때까지 여기 있을 생각이지만,
727	에 있는
728	만 있으면 살 수 있을지도 몰라…
729	『쿠르』
730	「야, 어서
731	를 찾아야 해.
732	다! 쫓아가자!
733	(벌써 돌이 되었어… “북쪽으로 나가면
734	란다”라고 늘 말하셨는데…
735	아이「아빠가 이번에는 뭘 사 오실까?
736	아이「어서 내일이 왔으면 좋겠다.
737	아내「내일 남편이 돈벌이에서 돌아와요. 반년 만이랍니다.
738	『민가』
739	노인「젊은이는 자꾸 줄어들고. 이 마을도 어찌 되려는지…
740	「가까이 오지 마라!
741	「…날 만지면 안 된다.
742	「아버지…
743	「이젠 살 수 없어.
744	「이럴 때 아버지 곁에 있지도, 손을 잡아 드리지도 못하는 거예요?
745	「이럴 순 없어…
746	, 그리고
747	. 딸을 마을까지 데려다주겠니?
748	, …가자.
749	「오지 말라고 했잖니!
750	『메토크스 산』
751	「이 이상
752	에서 멀어질 수는 없잖아? 슬슬 돌아가자.
753	「응, 그래.
754	로 돌아가자.
755	, 그러고 보니 이 산에
756	폐광
757	이 있다고 하지 않았어?
758	「맞아, 맞아.
759	「분명 이 바위 뒤에 입구가 있었던 것 같은데…
760	「가 볼까? 둘러보기만 해도 가치가 있겠지.
761	「300년 뒤까지 이름을 떨치는 검사가 되겠어.
762	아버지도,
763	진홍의 방패
764	도, 물론 너도 범접하지 못할 만큼.
765	그렇지,
766	… 네가 구해 준 목숨, 헛되이 하지 않을게.
767	「…300년 뒤 세상은 상상도 안 되는군… 지금쯤 어떻게 지내고 있을까…
768	「…난 이런 고독을 앞으로도 계속 견뎌야 하는가…?
769	「…돌아보면 네가 있을 것만 같은데…
770	「괜찮아?
771	「꼭
772	의 알을 털어 내.
773	「알아. 그 알은 금방 부화해서 골치 아프지…
774	「그래.
775	「여기에는
776	이 있으니 조심해.
777	「녀석이 달라붙으면 알까지 붙여 놓으니까.
778	「그 알이 부화하면 성가시지…
779	여행자「여기 물은 정말 맛있네. 피로가 풀려!
780	「그렇군. 사람을 찾는다니, 꽤 힘들겠어.
781	「그러는
782	는 무슨 목적으로 여행하는데?
783	「검술을 연마하려고.
784	「어머, 이미 충분히 강하잖아.
785	「흥, 세상은 넓다는 거지.
786	물을 마시겠습니까?
787	체력이 회복되었다!
788	「만지지 마!
789	「뭐야? 걱정해 주는데 왜 그래?
790	「아니, 아무것도 아니니까 걱정 마…
791	「너, 설마…!
792	「…새를 만졌을 때 감염된 모양이야.
793	「그럴 수가…
794	「집으로 돌아가는 게 좋겠어.
795	「아니, 아직 석화가 시작되지 않았으니까 괜찮아.
796	「괜찮다니까!
797	「…미안해. 정말 괜찮으니까…
798	「게다가
799	만 있으면 고칠 수 있잖아? 어서 가자!
800	「그러고 보니 봄은 이미 지나갔군.
801	「그래…
802	「작별이네요.
803	「…하지만 지금 돌아가시면 저희 때문에
804	씨들 입장이… 곤란해지는 거 아닌가요?
805	그래, 제독님이 힘써 주신 덕분에 명령 위반까지 전부 문제 삼지 않기로 했어.
806	미개 행성 보호 조약
807	』은 신경 쓰지 않아도 돼.
808	「제독님도
809	로크
810	를 버리고 싶지는 않으셨던 거야. 결과적으로는
811	를 구했으니까…
812	「여러모로 감사했습니다. 두 분을 절대 잊지 않을게요.
813	「그럼 여기서 작별이군. 이제 다시 만날 일은 없겠지…
814	「잘 있어.
815	조금 시간이 흐르고…
816	「준비됐나요?
817	「준비됐어?
818	「300년 뒤라고. 정말 가능해?
819	「300년 뒤라니. 정말 가능하겠느냐?
820	「네,
821	문장술
822	로 시간의 흐름을 극도로 늦출 수도 있으니까요.
823	「괜찮아.
824	로 시간의 흐름을 아주 느리게 해 뒀으니까.
825	「그럼 이 나무를 표식으로 삼죠. 하지만 알아볼 수 있을까요?
826	「녀석도 꽤 둔하지만
827	가 있으니 걱정 없겠지.
828	「그 녀석도 꽤 둔하긴 하지만
829	가 있으니 괜찮을 게다.
830	「난 이거!
831	를 묻을래!
832	「그럼 저는 이걸 묻겠습니다!
833	「음, 이거라면 분명 놀라겠지! 후후후.
834	「어쩔 수 없군. 난 이거다.
835	「난 이걸 주마.
836	일행이 놀랄 얼굴이 눈에 선하구나.
837	「그럼 다들 됐죠?
838	「그럼 다들 됐어?
839	「이번에야말로 정말 작별이네요.
840	「그래. 하지만 또 데리러 올지도 모르지.
841	「후후, 그런 일은 없기를 바랄게.
842	「언제든 오시라고는 못 하지만 또 놀러 오세요.
843	「그러마. 하지만
844	의 문명은 지금처럼 발전하지 않는 편이 나을지도 모르겠군.
845	「그러게요. 발전해 봐야 공기는 탁해지고, 물은 더러워지고, 나무는 말라 가고…
846	「좋은 건 하나도 없을지도 모르겠네요.
847	그렇지 않아요.
848	그 발전 덕분에 우리가 만났고 가슴 뛰는 모험도 할 수 있었잖아요.
849	…괜찮아요. 우리가
850	를 더 좋은 곳으로 만들게요.
851	「그래. 그때쯤 다시 와 보마.
852	「그럼, 또 만나자.
853	「이제 못 만날지도 모르겠네.
854	씨?
855	「너와 같은 별에서 태어났다면 난…
856	를 소중히 해야 해. 그렇게 좋은 애는 흔치 않으니까.
857	, 괜찮아?
858	와의 비밀 얘기는 이제 끝이야.
859	「너희와 여행할 수 있어서 좋았어.
860	「이제부터가 우리의 진짜 모험의 시작이에요.
861	「먼저 말해 두겠는데, 우리는 너희의 적이 아니야.
862	「정말?
863	「이렇게 수상한 녀석들이 우리 편일 리 없잖아!
864	「…우리는
865	를 캐러 왔을 뿐이에요.
866	「이
867	로는 돌로 변하는 증상을 막을 수 없어.
868	「당신들은 대체…?
869	「조금은 이야기를 들어 볼 마음이 생겼니?
870	「이야기만이라면…
871	「바로 믿기는 어렵겠지만… 우린 먼 곳에서 너희를 도우러 왔어.
872	「…그렇다면 왜 좀 더 일찍 오지 않으셨어요?
873	「우리는 『
874	』에 따라 발전 중인 문명과는 접촉하지 않기로 했어.
875	「발전 중인…?
876	「우린 하늘 위에서, 다른 별에서 온 거야. 이번 일도 특별한 경우야.
877	「하늘 위? 다른 별?
878	「신이세요?
879	「우린 신이 아니야. 너희와 같은 『사람』이지.
880	…꼬리는 없지만.
881	「아, 정말이다!
882	「어느 날 우리와 적대하는 세력인 『
883	』가
884	를 어기고 이곳에 간섭했어.
885	그뿐만 아니라 지금 퍼지고 있는 전염병의 원인인 화학 병기까지 쏘아 넣었지…
886	「그럼 그
887	라는 녀석들 때문에 사람들이 돌로 변한 거예요?
888	「맞아.
889	「그럴 수가… 용서 못 해…
890	「우리는 그 전염병을 조사하고 치료하러 온 거야.
891	「그래서 너희를 도우러 온 거란다. …너희가 상상도 못 할 방법으로 말이지.
892	「아직 믿기 어렵지만 병을 고칠 수 있다면…
893	「저도 잘 믿기지는 않지만 여기 있는 친구를 고칠 수 있다면…
894	「우리와 함께 가서
895	백신
896	을 만들 수 있다면 이 병도 고칠 수 있을 거야.
897	「백신?
898	「특효약 같은 거야.
899	「그럼…
900	「하나 말해 둘 게 있다.
901	우리와 함께 가면 이 행성에는 다시 돌아오지 못할 거야.
902	「왜요?
903	「우리와 깊이 관계를 맺으면 원래 생활로 돌려보낼 수 없다는 규정이 있거든.
904	때문이란다.
905	「지금이라면 우리를 만난 일도 그저 옛이야기로 넘길 수 있어.
906	「난 이 사람들과 갈 거야. 여기 있어 봤자 돌이 될 뿐이잖아.
907	그럴 수가…!
908	아버지와 모두를 영영 떠나야 할지,
909	와 헤어져야 할지 고를 수 없어…!
910	, 우리도
911	와 같이 가자.
912	여기 남아 봐야 분하지만 우리가 할 수 있는 일은 없어.
913	의 모두를 못 만나게 되는 건 괴롭지만, 그보다 모두를 구하고 싶어!
914	「결정한 모양이네. 그럼 바로 가자. 잠깐 눈을 감아 줘.
915	「응…?
916	「꺄아아아아아아아아아아아아아…!
917	통신 장교「귀여워♥ 그 꼬리 진짜야?
918	과학 장교「지금은 말 걸지 말아 줄래?
919	과학 장교「이상 없음. 응? 너희가
920	에서 왔다던 아이들이구나.
921	『함교』
922	「벌써 전부 둘러봤나?
923	「오, 왔구나. 이야기는
924	에게 듣거라.
925	「석화된 사람의 수를 이전 탐사 때와 비교했더니 약 20만 명이나 줄어들었어.
926	…우리 눈을 피해 어떻게 옮겨 갔을까?
927	「그럼 역시…
928	「아직 병기라고 확정된 건 아니야.
929	「하지만 녀석들이 평화롭게 이용할 거라고는 생각하기 힘들군.
930	「아니, 미안하다.
931	「그건 그렇고, 우리는 이제
932	로 가기로 했다.
933	외교관을 통해 어떻게든
934	숙주(호스트)
935	를 넘겨받을 생각이다.
936	…물론 터무니없는 요구를 할 게 뻔하지만.
937	「너희도 보고를 위해 함께 가 주면 좋겠구나.
938	의사
939	「함장님,
940	의 상태가…!
941	「곧 가겠네.
942	「이제
943	라는 행성으로 간다. 방을 준비해 뒀으니 거기서 쉬렴.
944	「네, 감사합니다.
945	조종사「섹터 세타, 포인트 001, 마크 269. 워프 6으로 출발합니다.
946	, 봐. 정말 아름다워.
947	「아름다워…
948	「별의 바다 같네…
949	「이제 주회 궤도로 들어가
950	지구 연방 본부
951	로 향한다.
952	「뭔가 다가와요!
953	「뭐지? 저건!
954	「어디에? 무슨 소리야?
955	「뭐야? 갑자기 나타났잖아! 공간 전이인가?
956	과학 장교「아닌 것 같습니다! 사전에 중력파는 감지되지 않았습니다.
957	「그러니까 뭔가 온다고…
958	「그러고 보니
959	일행은 보였던 거야?!
960	불가시 물질
961	「저 함선이?!
962	통신 장교「함장님! 갑자기 출현한 미확인 우주 함선에서 통신이 들어왔습니다!
963	「연결해!
964	우리는
965	에서 온 사절이다. 전투 의사는 없다. 반복한다…
966	「이상 없습니다. 함장님, 곧 출항할 수 있습니다.
967	「좋아, 승강 해치를 닫아라.
968	「두 분만으로 괜찮으세요?
969	「그래. 컴퓨터가 있으니까.
970	「컴퓨터?
971	「음, 설명하기는 어렵지만… 사람이 하기 어려운 일을 여러모로 도와주는 도구가 있단다.
972	「자, 출발할까…
973	「하지만
974	행성 스트림
975	이라니… 분명 군법 회의에 회부될 거예요!
976	「잘못하면 평생 강제 노동이겠지. 하지만 이제 물러설 수는 없어.
977	「함장님 같은 상관을 둬서 저는 불행하네요…
978	「…죄송해요.
979	「네가 사과할 필요는 없어. 불행하다고는 해도
980	에 가기 싫다는 뜻은 아니니까.
981	「저는 함장님을 따르겠어요. 그러니 올바른 방향으로 이끌어 주세요. 아셨죠?
982	「음…
983	「그런데
984	는 대체 뭐예요?
985	와
986	처럼 『
987	스트림
988	』이라는 이름이 붙은 별이야.
989	「예전에 심우주를 탐사하다 우연히 발견했지.
990	는 우리
991	지구인
992	이 우주로 나가기 전부터
993	초고도의 문명을 갖고 있었다고 해. …하지만 사실 알려진 건 아무것도 없어.
994	「거기에… 타임 뭐라는 게 있나요?
995	타임 게이트
996	다. 그걸 이용해 과거의
997	로 간다.
998	「과거로요?!
999	「…그렇구나! 과거에 가면
1000	의 피를 구할 수 있겠네요! 그걸로 석화병 약을 만들 수 있는 거군요!
1001	「간단히 말하면 그렇지.
1002	「…하지만
1003	의 원리는 우리도 아직 밝혀내지 못했어. 위험해서 출입이 금지되어 있지.
1004	「잠시 후
1005	의 궤도에 진입합니다.
1006	「음.
1007	「살아 있는 문… 『
1008	타임 게이트의 수호자
1009	』가 우리를 받아들여 줄까요?
1010	「어떻게 됐어요?
1011	「다시 한번 그들의 힘을 빌려야 할 것 같군.
1012	「여어!
1013	「오랜만이구나. 수련을 게을리하지는 않았겠지?
1014	씨, 그리고
1015	씨도. 건강해 보여서 다행이에요.
1016	「이번에는 우리가 힘을 보탤 차례야!
1017	「다시 만나서 기뻐요. 잘 지내셨어요?
1018	「다시 만나서 기뻐… 잘 지냈어?
1019	「미지의 세계에서 수련하다니… 가슴이 뜁니다!
1020	~ 다시 만나서 기뻐.
1021	「역사적 필연이랄까? 운명이라고 해도 좋겠지. 하지만 결혼할 생각은 없어!
1022	「모두…!
1023	「하지만 괜찮아요? …행성 보호 뭐라는 건 비밀 아니었나요…?
1024	「이번에는 연방 제독의 허가를 받았어. 그만큼 긴급한 사태라는 뜻이지.
1025	「그럼
1026	파게트
1027	로 가자!
1028	통신 장교「겉모습은 우리와 별로 다르지 않네.
1029	「꼬리가 없으면 움직이기 불편하지 않으세요?
1030	통신 장교「그런 생각은 해 본 적도 없네.
1031	『4층 엘리베이터 홀』
1032	목적지를 선택해 주세요.
1033	의료 센터
1034	, 전송실 ･2층: 휴게실 ･1층: 해치 ･취소
1035	전송 장교「여기는 전송실입니다. 일정 크기 이하라면 10만 킬로미터 이내로 전송할 수 있어요.
1036	『전송실』
1037	「방금 그건 뭐야?!
1038	「여긴 대체 어디지?!
1039	「이게 우리 배란다.
1040	「역시 신이세요?
1041	신은 아니야. 너희보다 조금 앞서 있을 뿐이지.
1042	너희도 언젠가는 이런 힘을 손에 넣게 될 거야.
1043	「그럼 바로
1044	로 데려가자.
1045	는 한 치의 오차도 없이 침대 위로 전송하도록.
1046	「알겠습니다.
1047	, 부탁하네.
1048	「네, 함장님.
1049	장교「수고하셨습니다, 함장님.
