1656	「후후,
1859	「진짜 눈을 찾으러 가는 거야? 그럼 지금 눈은 장식이네!
1892	「휘익, 휘익!
2192	「후후.
2282	「후훗♥
3006	「우후훗….
3757	도구점 『엘의 만물상』
3787	파피 「…후후, 좋은 봉이네♥
3900	·블루베리를 준다 ·멜트 포션을 준다 ·아무것도 주지 않는다
3905	파피 「푸흡!! 켁켁!! 방금 그 약, 대체 뭐야??
4028	「후후후. 다들 순진하다니까.
4045	·반벨트…? …어라? 혹시,
4260	노인 「우물우물.
4315	남자 「우오오!! 불타오른다!!
4326	남자 「누오오! 이것이 사나이의 싸움!!
4879	「혼자서는 너무 외롭잖아요….
4977	「쿡쿡쿡.
5107	그보다 아까부터 속이 너무 메스꺼워…. 제발 흔들지 말아 줘….
5136	「꿀꺽꿀꺽…… 푸하! 맛없어!!!
5551	「으음. 어린 계집아이에게 지다니…! 나도 늙었구나.
5641	개 「으르렁… 멍멍! 멍멍!
5648	「잿더미가 되고 싶어?
5651	「후후…. 개의 마음을 이해하는 게 중요하네.
5865	「후후….
5986	「…후후… 당신 오늘 이상한데? 그래도 고마워.
6117	중후한 남자 「…늠름하고 멋진 분이군…. 눈동자도 맑고, 정말 아름다워….
6161	「후후…. 슬슬 물러날까요.
7096	「온갖 요괴들이 날뛰는구나. 점점 즐거워지는데~.
7179	「후후, 우선
7196	흠… 그렇군. 스스로 방패가 되어 동료를 끝까지 지키겠다는 건가.
7462	알크메네 「후후…. 그 기세가 언제까지 갈까?
8017	「참 쓸쓸한 곳이네요. 마족이 침공하지만 않았어도….
8025	오오! 정말 이 미궁을 통과하다니… 훌륭합니다!
8416	재투성이
8444	왕자 「후후… 그렇게 꼬리를 곤두세운 모습이 나를 더욱 매혹시키는군….
9232	10000폴
11208	칠성뇌명검
11506	차킨 초밥
11517	고쿠류 이시다야
11624	안섬도 무라사메
12061	가로 라그나런치
12360	『엘의 만물상』
12447	요정론 LV
12475	무신 오의 LV
12701	과학 기술: 증류 및 실험 기구를 다루는 기술. STR이 스킬 LV×10만큼 상승한다.
12724	도발: 전투 스킬. 전투 중 한 번 SELECT 버튼을 눌러 적을 유인할 수 있다.
12735	황룡 오의: 황룡의 힘을 품은 필살기를 배우는 데 필요한 오의 스킬.
12885	앵화팔괘장: 팔괘 오의로 발전시킨 사성수 오의. 연속으로 주먹을 내질러 공격한다.
12963	라이트 크로스: 빛의 십자가를 만들어 화면 전체의 적을 공격하는 주문.
13542	가을 별미인 송이버섯을 넣어 독특하고 향긋한 향을 즐기는 요리. MP 회복(한 명)
13586	깔끔함과 매운맛이 조화로운 술. 가격에 비해 맛이 뛰어나 애주가에게 제격. MP 회복(한 명)
13595	밀가루, 설탕, 베이킹파우더에 달걀과 우유를 넣어 둥글게 구운 음식. HP 회복(한 명)
13975	롤러 대시 장치를 내장한 노이만 가문의 특제 기계 부츠. 인간을 초월한 고속 이동이 가능!
13990	당근즙을 넣어 만든 아이스크림. HP 회복(한 명)
14018	어느 미식가가 환상이라고 극찬한 최고급 참치 대뱃살 회. HP·MP 회복(한 명)
14126	새우에 달걀물과 빵가루를 입혀 튀긴 요리. 냉동 새우는 딱딱해서 바로 들통난다. HP 회복(한 명)
14179	메밀로 만든 면. 차갑게도 따뜻하게도 먹는다. HP 회복(한 명)
14189	상큼한 감귤 향이 좋은 인상을 주는 와인. 더운 여름에는 레드 와인보다 이쪽. MP 회복(한 명)
14198	생선의 감칠맛이 응축된 서더리 된장국. 가격도 저렴하다. HP 회복(한 명)
14235	한천이 든 음료. 목 넘김이 상쾌하다. MP 회복(한 명)
14268	가 집필한 『땀, 그것은 사나이의 증거. 땀, 그것은 사나이의 훈장. 땀, 그것은 사나이의 향기』
14275	가 집필한 『나는 길 잃은 아기 고양이~ 엉엉, 우리 집은 어디에~』
