5100	???「사람을 잘못 봤다고!? 말도 안 되는 소리 마!{8180}각오해!!
5101	@이, 이봐. 정말 이 남자가 맞나?
5102	???「잘못 봤을 리… 없어!!
5103	???「큭, 아직이야!!
5104	{848004}진홍의 방패{848000}「여자여. 목숨을 소중히 여겨라.
5105	@괜찮으세요?
5106	???「…누구?
5107	@오! {8c8000}, 그리고 {8c8005}도 무사했군!
5108	@왜 그러나, {8c8005}?
5109	@함장님, 인기가 많으시네요.
5110	@이봐, 방금 상황을 봤잖나? 만나자마자 무슨 소리야!
5111	???「무슨 일이죠?
5112	@네? 아뇨, 처, 처음 뵙겠습니다. 전 {8c8005}라고 해요.
5113	???「아, 전 {8c8008}이에요. {8c8008} 프로즌이라고 합니다.
5114	@{8c8008} 씨!! 너무 무리하지 마세요. 죽는 줄 알았어요!
5115	@{8c8001}… 걱정 끼쳐서 미안해요.
5116	@…작은 사고로 정신을 잃었는데 이분이 간호해 주셨네.
5117	@왜 그래요?
5118	@아, 아뇨. 아무것도 아니에요.
5119	@{848004}진홍의 방패{848000}에게 부모님과 오빠를…?
5120	@네, 네…
5121	@{8c8081}기묘한 우연이네요.{86801e00}{8180}저도 부모님을 잃고 헤어진 여동생을 찾으러 여행 중이에요.{86809001}{8180}범인이 누군지 확신할 수 없어 괴롭지만요…
5122	@{8c8081}그렇군요…{8180}하지만 제겐… 날개가 없으니까요…
5123	@{8c8081}…그렇죠.{86801e00}{8180}제 동생은 살아 있다면 아름답다기보단 귀여운 모습일 테고요…
5124	@일단 어디 좀 들어가지. 이야기는 그다음에 해도 되겠지.
5125	{8580}{8c8003}가 동료가 되었다!
5126	@제가 한 짓은 {848004}아스모데우스{848000}를 쓰러뜨리는 것만으론 속죄할 수 없을지도 몰라요…
5127	@…감싸 줘서 기뻤어. 고마워.
5128	@하지만 오빠도 함께 짊어지겠다고 했어…{8180}그 말만으로도 구원받는 기분이야…
5129	@{8c800d}를 다신 혼자 두지 않기로… 그렇게 결심했어요.
5130	@결국 전 가족을 지키지 못한 제 죄를 속죄하고 싶을 뿐일지도 몰라요.
5131	@…아까는 속죄하려는 거라고 거창하게 말했지만…{8180}사실 제겐 그건 두 번째예요.{8180}…못된 오빠죠…
5132	@그만해, 그게 아냐! 마족에게 조종당했을 뿐이야…
5133	@{8c8000}, 이제 됐어. 이건… 내가 짊어져야 할 죄야.
5134	@{8c800d}…
5135	@난 많은 목숨을 빼앗았어. 네가 원망하는 것도 당연해.
5136	@하지만 내가 죽어도 달라지는 건 없어.
5137	@{8c8081}그러니 이 손으로 {848004}마왕{848000}을 쓰러뜨리고 평화를 되찾겠어.{8680f000}{8180}그게 내가 할 수 있는 최소한의 속죄니까…
5138	소년「흑… 흐윽.
5139	@미안해…
5140	소년「네가 사과해도 아빠는 안 돌아와!
5141	@그만하세요. 제 동생… {8c800d}는 마족에게 조종당했어요!
5142	@오빠, 비켜 줘! 이건 내가 짊어져야 할 죄야.
5143	@{8c800d}에게 죄가 있다면 나도 절반 짊어질게! 그러니 자신을 너무 탓하지 마…!
5144	@오빠…
5145	@어떤 벌을 받아도 지난 죄가 사라지진 않겠죠.
5146	@네가 행복하게 살 세상을 만들게. 그러려고 이 손으로 {848004}마왕{848000}을 쓰러뜨리는 게 우리 나름의 속죄야.
5147	소년「네가 아빠를 죽였어!
5148	@………
5149	소년「아빠는 훌륭한 기사였는데… 왜…!
5150	생각에 잠긴 남자「…저게 ‘{848004}죽음의 날개{848000}’인가!?
5151	아가씨「벌레도 못 죽일 얼굴로, 무서운 애네!
5152	현자 사크「얼른 {848001}기사단{848000}을 불러야 하지 않나?
5153	소년「돌려줘! 지금 당장 아빠를 돌려줘!
5154	･ 도와야 해{8080}･ 조금 지켜본다
5155	@고마워, {8c8000}. 감싸 줘서…
5156	@고마워, 오빠. 감싸 줘서…
5157	가냘픈 여성「…? 어디서 뵌 적 있나요…?
5158	당찬 여성「…뭐야? 내 얼굴에 뭐 묻었어?
5159	@휴… 여기라면 마르려나…
5160	@아… 따뜻하다…
5161	가냘픈 여성「저, 저기…!
5162	가냘픈 여성「저랑 사귀어 주세요!! 첫눈에 반했어요…!
5163	@네!? 갑자기 무슨 말씀이세요?
5164	가냘픈 여성「그렇죠, 제가 너무 갑자기… 부담스러우시죠…
5165	당찬 여성「잠깐!! 혼자 앞서가기야!?
5166	당찬 여성「그런 소극적인 여자보다 난 어때? 분명 즐거울 거야! 응♥
5167	@저, 저기…
5168	가냘픈 여성「{8c8081}그, 그렇지 않아!{86803c00}{8180}나도 이분을 정말 좋아하니까!! 나라도 괜찮아!
5169	@네에에!? 대체 어떻게 된 거야!?
5170	루루「도와줄게! 조용히 따라와…
5171	당찬 여성「앗! 놓쳤어!!
5172	가냘픈 여성「그럴 수가…
5173	당찬 여성「찾으러 가자!!
5174	@{8c8081}후후후. 예상대로야!{86807800}{8180}사랑의 묘약을 향수로 만들길 잘했네! 천재는 실패에서 배우거든.{86804f01}{8180}자, 다음엔 어떻게 될까~?
5175	@뭐야! 놀리러 왔으면 가!
5176	@왠지 배가 고파졌어~
5177	@{8c800c}, 계속 궁금했는데…
5178	{8c800c}（뭐야, 뭐야!? 이 분위기는! 설마 사랑 고백!?
5179	{8c800c}（그건 안 돼. 우린 서로 다른 세계의 사람이야!
5180	@안 돼, {8c8000}! 이러면 안 돼!!
5181	{8c800c}（그래도 우리 사랑으로 이겨 낼 수 있어…! 막 이러고~ 꺄아♪
5182	@정말… {8c8000}가 그렇게까지 말하면… 꼬물꼬물.
5183	@저기… 그 지팡이가 어떤 원리로 움직이는지 궁금해서…
5184	@…그런 건 직접 알아봐!! 흥!
5185	@……내가 화날 만한 말을 했나?
5187	당찬 여성「내 멋진 모습을 책으로 널리 알릴 거야! 읽으면 다들 내 매력에 푹 빠지겠지♥
5188	현자 사크「…모처럼 {848003}현자의 돌{848000}을 얻었는데 세공에 실패해서 사라졌어요…
5189	@칠전팔도… 아니, 칠전팔기 정신이야!{8180}힘내자.
5190	@아, 어머, {8c8000}. 무슨 일이야?
5191	@…아뇨…
5193	노인「배운 스킬은 책으로 정리해 두면 좋지.
5194	@술집에서 모이는 건 이제 질렸어.
5195	???「위험해애애애!!
5196	@으악!! 차가워!!
5197	@아앗, 실수했다! {8c8000}한테 약을 쏟아 버렸네!
5198	@{8c800c}!! 방금 일부러 그랬지!! 아… 머리가 끈적끈적하잖아…
5199	@정말 미안해! 나중에 {848003}회과육{848000} 만들어 줄게♥
