5900288	죄를 짊어지고 살아가는 소녀. 그 죄는 그녀의 여린 등에 감당할 수 없을 만큼 무겁고 고통스럽다…
5906432	어느새 불쑥 나타난 수수께끼의 소녀. 그녀의 정체는 과연!?
5912576	비상검을 다루기 위해 필요한 특수 반지.
5918720	바니를 불러오는 호루라기.
5926912	명란 맛. 야오킨 사장 승인 완료. m(　　　)m 한 명의 HP 회복.
5931008	살라미 맛. 야오킨 사장 승인 완료. m(　　　)m 한 명의 HP 회복.
5935104	채소 샐러드 맛. 야오킨 사장 승인 완료. m(　　　)m 한 명의 HP 회복.
5939200	데리야키 버거 맛. 야오킨 사장 승인 완료. m(　　　)m 한 명의 HP 회복.
5943296	치즈 맛. 야오킨 사장 승인 완료. m(　　　)m 한 명의 HP 회복.
5947392	콘 포타주 맛. 야오킨 사장 승인 완료. m(　　　)m 한 명의 HP 회복.
5951488	타코야키 맛. 야오킨 사장 승인 완료. m(　　　)m 한 명의 HP 회복.
5955584	돈가스 소스 맛. 야오킨 사장 승인 완료. m(　　　)m 한 명의 HP 회복.
5959680	치킨 카레 맛. 야오킨 사장 승인 완료. m(　　　)m 한 명의 HP 회복.
5963776	가바야키 맛. 야오킨 사장 승인 완료. m(　　　)m 한 명의 HP 회복.
5967872	캐러멜 맛. 야오킨 사장 승인 완료. m(　　　)m 한 명의 HP 회복.
5971968	코코아 맛. 야오킨 사장 승인 완료. m(　　　)m 한 명의 HP 회복.
5976064	새우 마요네즈 맛. 야오킨 사장 승인 완료. m(　　　)m 한 명의 HP 회복.
5980160	초콜릿 맛. 야오킨 사장 승인 완료. m(　　　)m 한 명의 HP 회복.
5984256	만 알에 하나 나온다는 황금 콩만으로 만든 전설의 낫토. 말로 다 못 할 감칠맛이 입안에 퍼진다. 한 명의 HP 회복.
5990400	어린 시절 한 번쯤 동경해 본 사람이 적지 않을 법한 음식. 한 명의 HP 회복.
5996544	호화로운 모둠 과일. 주문하는 곳에 따라 비싼 값을 치러야 한다. 한 명의 HP 회복.
6002688	스펀지를 두꺼운 초콜릿으로 감싼 케이크. 어른의 맛. 한 명의 HP 회복.
6012928	메밀로 만든 국수. 차갑게도 따뜻하게도 먹을 수 있다. 한 명의 HP 회복.
6017024	장인이 만든 최고급 메밀국수. 목 넘김이 산뜻하다. 한 명의 HP 회복.
6021120	수박 모양 아이스크림. 껍질까지 먹을 수 있다. 한 명의 HP 회복.
6025216	감칠맛이 응축되어 있지만 너무 매워 보통 사람은 못 먹는다! 그야말로 초절정 전골. 한 명의 HP 회복.
6031360	바나나와 초콜릿의 궁합은 최고다! 한 명의 HP 회복.
6035456	콩을 발효한 음식. 저을수록 실이 끈적끈적해진다. 한 명의 HP 회복.
6039552	복숭아 주스에 잘게 썬 복숭아를 넣은 수프. 한 명의 HP 회복.
6045696	마계의 과일. 강렬한 냄새를 견딘 사람만 최고의 맛을 만날 수 있다. 한 명의 HP·MP 회복.
6051840	간장을 발라 구운 옥수수. 고소한 향이 참을 수 없이 좋다. 한 명의 HP 회복.
6055936	이 생산자의 리슬링, 피노 그리와 함께 올해 가장 감동한 와인 중 하나. 한 명의 MP 회복.
6060032	산뜻한 감귤 향이 좋은 첫인상을 주는 와인. 더운 여름엔 레드보다 이쪽을 고르고 싶다. 한 명의 MP 회복.
6064128	과일 향과 탄탄한 맛의 골격이 좋은 인상을 남기는 걸작. 한 명의 MP 회복.
6068224	명성에 부끄럽지 않은 품질. 불쾌한 뒷맛을 남기지 않는 깔끔함은 좋은 술의 전형이다. 한 명의 MP 회복.
6072320	전설적인 9호 효모를 탄생시킨 양조장의 명주. 감로 같은 향미가 특징. 한 명의 MP 회복.
6076416	정확한 이름은 '산타뒤크 프레스티주 오트 가리그'. 일반 시장에선 거의 볼 수 없다. 한 명의 MP 회복.
6080512	모든 요소가 조화로운 명주. 맑고 상쾌한 인상은 사용한 물 덕분일까? 한 명의 MP 회복.
6084608	DRC가 만드는 고급 화이트 와인. 매장에서 좀처럼 만나기 어렵다. 한 명의 HP·MP 회복.
6088704	맛, 향, 목 넘김, 뒷맛까지 나쁜 네 박자를 갖춘 술. 이래서야 술을 마실 의미가 없다. 한 명의 HP 회복.
6092800	도미회. 꼬들꼬들한 식감이 일품이다. 한 명의 HP 회복.
6096896	생선 뼈와 자투리로 끓인 된장국. 생선의 감칠맛이 응축되어 있고 값도 싸다. 한 명의 HP 회복.
6100992	상어 지느러미가 든 고급스러운 중국식 찐빵. 당면은 아닐 텐데… 한 명의 HP 회복.
6107136	거친 파도에 시달려 살이 탄탄해진 왕게. 한 명의 HP 회복.
6113280	미역 등 해조류가 가득한 샐러드. 새우와 연어도 들어 있다. 한 명의 HP 회복.
6119424	바닷가재의 감칠맛이 가득한 수프. 소리 내지 말고 드세요. 한 명의 HP 회복.
6125568	망고 맛 셰이크. 셰이크는 달고 맛있지만 목이 마르지 않아? 한 명의 HP 회복.
6129664	한입 크기의 과일을 탄산수에 넣은 산뜻한 음식. 한 명의 HP 회복.
6135808	우메보시가 든 주먹밥. 정석 중의 정석. 한 명의 HP 회복.
6139904	연어가 든 주먹밥. 연어는 조금 짭짤한 것이 포인트. 한 명의 HP 회복.
6144000	가다랑어포가 든 주먹밥. '오카카'라는 이름이 귀엽다. 한 명의 HP 회복.
6148096	다시마가 든 주먹밥. 다시마와 김은 형제다. 한 명의 HP 회복.
6152192	여러 재료가 든 주먹밥. 무엇이 들었는지는 먹어 본 뒤의 즐거움. 한 명의 HP 회복.
6158336	여러 채소가 든 수프. 건강에 좋은 음식이다. 한 명의 HP 회복.
6168576	설탕만 뿌린 간단한 크레페. 한 명의 HP 회복.
6172672	호기성 세균과 혐기성 세균이 공존하며 발효하는 요구르트. 쉽게 양을 늘릴 수 있다. 한 명의 MP 회복.
6178816	햄과 함께 부친 달걀프라이. 아침부터 조금 사치스러운 기분!? 한 명의 HP 회복.
6184960	달걀물을 풀어 넣은 수프. 살짝 걸쭉하게 해 중국풍으로 만들었다. 한 명의 HP 회복.
6191104	우유와 얼음을 섞어 만든 음료. 한 명의 HP 회복.
6195200	쓴 커피도 우유를 넣으면 부드러워진다. 목욕 후 한 잔 어떠세요? 한 명의 HP 회복.
6199296	얇게 썬 돼지고기와 채소를 끓인 된장국. 건더기가 푸짐해 배도 든든하다! 한 명의 HP 회복.
6203392	간과 부추를 함께 볶은 요리. 간은 내장 기관이다. 한 명의 HP 회복.
6209536	새우와 채소를 라이스페이퍼로 감싼 베트남식 생춘권. 한 명의 HP 회복.
6213632	중복되어 삭제한 아이템.
6217728	간장에 절인 배추에 고춧가루와 마늘을 듬뿍 버무린 것. 한 명의 HP 회복.
6221824	여러 채소를 믹서에 간 영양 가득한 주스. 으으으~ 맛없어! 한 명의 MP 회복.
6225920	크리스마스에 먹는 치킨. 일 년에 한 번 먹는 별미. 한 명의 HP 회복.
6230016	절묘한 불 조절로 익힌 고기와 채소볶음. 장인의 기술이 빛나야 황금이라 할 수 있다. 한 명의 HP 회복.
6236160	붉은 살, 뼈 사이 살, 중뱃살, 대뱃살까지 참치의 모든 것이 여기에 있다. 한 명의 HP 회복.
6240256	기름진 참치 대뱃살만 올린 덮밥. 입안에서 살살 녹는다. 한 명의 전투불능 회복.
6246400	미꾸라지가 든 된장국. 흙내가 묘하게 중독되는 요리. 한 명의 HP 회복.
6250496	가마솥에 지은 밥으로 빚은 주먹밥. 밥알 하나하나가 살아 있다. 한 명의 HP 회복.
6256640	달콤하고 그리운 맛의 카레. 어린아이에게 인기가 많다. 한 명의 HP·MP 회복.
6262784	과즙 100%! 다른 것은 섞지 않았다. 전원의 MP 회복.
6268928	콜라겐이 가득한 젤리. 피부가 매끈매끈해진다. 한 명의 HP·MP 회복.
6273024	바삭하게 구운 면에 뜨거운 소스를 부을 때 나는 소리가 식욕을 자극한다. 한 명의 HP 회복.
6279168	코코넛즙을 발효한 것. 탄력 있는 식감이 매력적이다. 한 명의 MP 회복.
6285312	두유를 쓴 아시아식 디저트. 탱글탱글한 식감이 일품이다! 한 명의 MP 회복.
6291456	한천이 든 음료. 목 넘김이 산뜻하다. 한 명의 MP 회복.
6295552	무엇이 들었는지 모르는 공포의 전골. 먹으면 어떻게 될지… 아무도 모른다. 전원의 HP 회복.
6301696	줄을 서서라도 먹고 싶은 라멘. 몇 그릇이고 먹을 수 있다. 전원의 HP 회복.
6307840	갓 잡은 생선으로 쥔 초밥. 요리사가 자부하는 일품이다. 한 명의 HP 회복.
6311936	오렌지 소스로 소테한 프랑스 요리. 한 명의 MP 회복.
6318080	어패류를 듬뿍 쓴 덮밥. 바다의 진미가 가득하다. 한 명의 HP 회복.
6324224	김치를 끓인 얼큰한 전골. 더운 날 먹고 싶어진다. 전원의 HP 회복.
6330368	생선을 갈아 만든 완자를 넣은 맑은국. 한 명의 독·마비·석화·전투불능 회복.
6334464	오징어, 조개, 새우 등 해산물이 든 그라탱. 한 명의 HP 회복.
6340608	갓 짰다. 오렌지의 새콤함이 살아 있다. 한 명의 MP 회복.
6344704	귤과 딸기, 생크림을 빵 사이에 넣은 샌드위치. 한 명의 HP 회복.
6348800	튀긴 돼지고기와 채소를 새콤달콤한 소스에 버무린 중국 요리. 한 명의 HP 회복.
6352896	차가운 토마토가 듬뿍 든 샐러드. 한 명의 HP 회복.
6356992	여러 과일을 우유와 함께 믹서에 간 주스. 전원의 MP 회복.
6361088	떡에 콩과 붉은 완두를 섞은 찹쌀떡. 한 명의 HP 회복.
6365184	달고 짭짤하게 조린 쇠고기 조각을 밥 위에 얹은 것. 빠르고 싸고 맛있다! 한 명의 HP 회복.
6371328	노릇하게 튀긴 밥에 뜨거운 소스를 부은 요리. 한 명의 독·마비·석화·전투불능 회복.
6377472	닭고기와 양파 등을 육수에 끓여 달걀로 덮은 뒤 밥 위에 얹은 것. 한 명의 HP 회복.
6383616	쇠고기와 돼지고기를 섞어 만든 함박스테이크. 고기를 섞는 편이 더 맛있다고 한다. 한 명의 HP·MP 회복.
6389760	양고기를 구운 요리. 채소 위에 얹어 찌기도 한다. 한 명의 HP·MP 회복.
6395904	닭고기 달걀 덮밥처럼 보이지만 속은 쇠고기. 소와 달걀이니 남남이다. 한 명의 HP 회복.
6402048	무가 듬뿍 든 일본식 샐러드. 여성에게 인기가 많다. 한 명의 HP·MP 회복.
