708608	상당히 촌스러운 귀걸이.
1310720	삭제된 아이템.
1669120	어딘가의 신을 상징하는 문장.
1716224	결번
2533376	칼날이 곧은 세이버.
2541568	장검의 일종.
2615296	쇼트 소드의 일종.
2916352	평범한 고철 덩어리.
3000320	기계 장치로 움직이는 커다란 주먹.
3028992	기계 장치로 움직이는 아주 거대한 주먹.
3069952	동물 가죽으로 만든 평범한 채찍.
3123200	상당히 무거운 두꺼운 책.
3186688	엄청난 두께를 자랑하는 값비싼 책.
3213312	전격을 발사해 적을 공격하는 무기.
3289088	겉보기와 달리 의외로 튼튼한 모자.
3524608	나무로 만든 소박한 방패.
3639296	동물 가죽으로 만든 부츠.
3684352	은빛으로 빛나는 아름다운 다리 갑옷.
5226496	바람의 힘을 봉인한 검.
5234688	정령의 힘이 깃든 검.
5238784	공격하면 적을 날려 버리는 검.
5246976	단검의 일종.
5259264	대검의 일종.
5263360	클레이모어를 강화한 것.
5287936	사람 키만큼 긴 나무 막대.
5292032	곡도.
5300224	작은 활.
5308416	은으로 만든 대검.
5312512	은으로 만든 너클.
5316608	별의 조각으로 만든 은백색 활.
5320704	적의 방어력을 30% 무시한다.
5324800	평범한 창.
5328896	강력한 관통력을 자랑하는 창.
5349376	다마스쿠스로 만든 검.
5382144	너클을 강화한 것.
5386240	너클 +1을 강화한 것.
5398528	적의 생명력을 흡수하는 마검.
5414912	불길을 일으키는 창.
5419008	광전사의 검.
5431296	미스릴로 만든 검.
5451776	운석을 단련해 만든 대검.
5468160	스피어보다 더 긴 창.
5472256	롱 스피어를 강화한 것.
5480448	롱소드를 강화한 것.
5488640	커다란 활.
5505024	이상한 지시봉. 그런 곳을 가리키지 마…
5545984	너덜너덜한 비키니.
5550080	중국의 향취가 느껴지는 무도복.
5554176	중화의 향취가 느껴지는 무도복.
5580800	귀여운 비키니.
5597184	레서 펠풀을 위한 방어구.
5611520	중국의 향취가 느껴지는 신발.
5617664	중화의 향취가 느껴지는 신발.
5627904	격투가용으로 움직이기 편한 신발.
5644288	정교하게 세공한 금 장신구.
5670912	오리할콘 반지.
5801984	오종가글
5806080	라료생쓴
5810176	클후기이
5814272	은에는마
5818368	게의거사
5822464	임미야킨
5922816	부모님의 유품인 반지.
6686720	성스러운 축복을 받은 검.
6707200	성스러운 문장이 새겨진 방패.
6715392	수정석으로 세공을 하면…
6727680	불의 가호를 받은 오브.
6731776	물의 가호를 받은 오브.
6776832	0
7495680	빨간 보안 카드.
7499776	파란 보안 카드.
7526400	수수께끼의 언어로 적힌 책.
7530496	클리크 항구의 출항 허가증.
7544832	성스러운 빛을 내는 아름다운 잔.
7587840	네데의 지혜를 관장하는 보주.
7593984	네데의 힘을 관장하는 보주.
7600128	네데의 용기를 관장하는 보주.
7606272	네데의 사랑을 관장하는 보주.
7634944	보이드 매터
7645184	링크 스톡
