1550	{8c8003}숙련도
1551	{8c8003}재능
1552	{8c8004}종합 속성
1553	{8c8004}스킬 ON/OFF
1554	{8c8003}최강 장비
1555	{8c8003}능력치
1556	{8c8004}주문 ON/OFF
1557	{8c8003}이름 변경
1558	{8c8004}히라가나
1559	{8c8003}교체
1560	{8c8003}정렬
1561	{8c8004}설명 전환
1562	정산하시겠습니까?
1565	정산 확인
1566	구입
1567	판매
1568	정산
1570	새 보내기
1571	상품을 구입합니다
1572	소지품을 판매합니다
1573	정산하고 상점을 나갑니다
1575	새를 보냅니다
1576	구입 합계
1577	판매 합계
1578	정산 후
1579	소지 수
1580	구입·판매할 아이템을 고른 뒤 정산을 선택하세요
1581	지시로 구입할 아이템을 고른 뒤 새를 보내면 정산됩니다
1582	{8c800b}수량 감소
1583	{8c800c}증가
1584	거래하지 않았습니다
1585	폴이 부족합니다
1586	『잡화점 스미티』
1587	『리자의 식료품점』
1588	『바담의 도구점』
1589	『무기점 파파스』
1590	『할머니 도구점』
1591	『식료품점 마마스』
1592	『무구점 엘비스』
1593	『루비스 캐빈』
1595	『도구점 월섬』
1596	『에드의 무기점』
1597	『루미 푸즈』
1598	『보일 식료품점』
1599	『에스터 캐빈』
1600	『무구점 트레저』
1601	『무기점 모건』
1602	『도구점 페터』
1603	『세레나의 보석점』
1604	『오사토 악기점』
1605	『크로산 주류점』
1606	『웰디』
1607	『바이아 무기점』
1608	『제작자의 가게』
1609	『행상인 오로시』
1610	『주얼리 푸즈』
1611	『무구점 실버』
1612	『신발 가게 빅토르』
1613	『도구점 바키』
1614	『오지 식료품점』
1615	『행상인 산타』
1616	『무기점 키클린』
1617	『쇠락한 무기점』
1618	『쇠락한 도구점』
1619	『식료품점 테무진』
1620	『은신처』
1621	『오라클 상점』
1622	상점
1623	비둘기 심부름
1624	까마귀 심부름
1625	황새 심부름
1626	매 심부름
1627	독수리 심부름
1628	데생
1629	악보 읽기
1630	연주
1631	도구 지식
1632	광물학
1633	약초학
1634	크래프트
1635	미적 감각
1636	문필
1637	노력
1638	근성
1639	인내
1640	위험 감지
1642	정신학
1643	칼질
1645	감식안
1646	휘파람
1647	조련
1648	캐스트
1649	과학기술
1651	전파
1653	놀이심
1654	기능미
1655	배짱
1656	포커페이스
1657	복사
1658	기계 지식
1717	아트
1718	오라클
1720	커스터마이즈
1721	감정
1722	세공
1723	집필
1724	수행
1725	스카우트
1726	조합
1727	조리
1728	패밀리어
1729	연금
1730	서바이벌
1731	소매치기
1732	복제
1733	머시너리
1751	아트: 그림과 조각에 혼을 불어넣어 아이템을 만드는 특기입니다
1752	오라클: 창조신 트라이아의 고마운(?) 메시지를 받는 특기입니다
1753	음악: 작곡하거나 악기를 연주하는 특기입니다
1754	커스터마이즈: 무기를 개조해 자신만의 무기를 만드는 특기입니다
1755	감정: 이름 앞에 ?가 붙은 미확정 아이템을 식별하는 특기입니다
1756	세공: 보석을 가공해 장신구를 만드는 특기입니다
1757	집필: 읽으면 스킬 레벨이 오르는 안내서를 만드는 특기입니다
1758	수행: 능력치를 낮춰 싸우는 대신 획득 경험치를 늘리는 특기입니다
1759	스카우트: 전투 발생 확률을 어느 정도 조절하는 특기입니다
1760	조합: 약초 두 가지를 섞어 약을 만드는 특기입니다
1761	조리: 식재료로 음식과 음료를 만드는 특기입니다
1762	패밀리어: 던전 깊은 곳에서도 동물에게 장보기를 맡기는 특기입니다
1763	연금: 아이언으로 귀중한 보석과 광물을 만드는 특기입니다
1764	서바이벌: 필드를 탐색해 유용한 아이템을 찾는 특기입니다. MP를 4 소모합니다
1765	소매치기: 전용 장갑을 끼고 {8c8004}버튼을 눌러 남의 물건을 훔치는 특기입니다. 악의 길로 가시겠습니까?
1766	복제: 대상 아이템과 똑같은 아이템을 만드는 특기입니다
1767	머시너리: 모험에 도움이 되는 여러 기계를 만드는 특기입니다
1771	디자인 감각
1772	글재주
1775	동물 사랑
1776	야생의 감
1777	마나의 축복
1778	선택 항목
1779	소모 아이템
1781	취소
1782	『실행하시겠습니까?』
1783	{8980} 완성
1784	감정해야 알 수 있습니다
1785	이 아이템은 {8980}입니다
1786	{8980} 획득
1787	{8980}의 숨겨진 재능 『{8980}』 개화
1788	아무것도 만들지 못했습니다
1789	알아내지 못했습니다
1790	아무것도 찾지 못했습니다
1791	우왓? 이게 뭐야!?
1792	아~아, 저질렀네…
1794	큭, 나답지 않게…
1795	젠장, 실패했군
1796	모… 못 본 걸로 해요…
1798	가, 가끔은 실패할 수도 있지!
1799	어머? 이상하네…
